speech_id,disagreement_rows,ours_matches_top,ours_matches_low,top_match_rate,low_match_rate
710,42,27,15,0.6428571428571429,0.35714285714285715
477,39,29,10,0.7435897435897436,0.2564102564102564
93,19,15,4,0.7894736842105263,0.21052631578947367
481,17,15,2,0.8823529411764706,0.11764705882352941
651,14,8,6,0.5714285714285714,0.42857142857142855
21,14,6,8,0.42857142857142855,0.5714285714285714
6,14,5,9,0.35714285714285715,0.6428571428571429
307,13,13,0,1.0,0.0
154,13,6,7,0.46153846153846156,0.5384615384615384
725,13,4,9,0.3076923076923077,0.6923076923076923
37,13,0,13,0.0,1.0
463,12,6,6,0.5,0.5
153,12,4,8,0.3333333333333333,0.6666666666666666
246,11,11,0,1.0,0.0
719,11,10,1,0.9090909090909091,0.09090909090909091
167,11,7,4,0.6363636363636364,0.36363636363636365
440,10,10,0,1.0,0.0
424,10,2,8,0.2,0.8
61,10,1,9,0.1,0.9
250,9,7,2,0.7777777777777778,0.2222222222222222
257,9,5,4,0.5555555555555556,0.4444444444444444
38,9,4,5,0.4444444444444444,0.5555555555555556
109,9,1,8,0.1111111111111111,0.8888888888888888
113,9,1,8,0.1111111111111111,0.8888888888888888
355,9,0,9,0.0,1.0
196,8,7,1,0.875,0.125
592,8,6,2,0.75,0.25
371,8,5,3,0.625,0.375
382,8,5,3,0.625,0.375
163,8,4,4,0.5,0.5
308,8,4,4,0.5,0.5
626,8,3,5,0.375,0.625
17,8,0,8,0.0,1.0
189,8,0,8,0.0,1.0
545,8,0,8,0.0,1.0
283,7,7,0,1.0,0.0
567,7,7,0,1.0,0.0
736,7,7,0,1.0,0.0
22,7,6,1,0.8571428571428571,0.14285714285714285
48,7,3,4,0.42857142857142855,0.5714285714285714
289,7,2,5,0.2857142857142857,0.7142857142857143
892,7,2,5,0.2857142857142857,0.7142857142857143
4,7,0,7,0.0,1.0
57,7,0,7,0.0,1.0
188,7,0,7,0.0,1.0
290,7,0,7,0.0,1.0
123,6,6,0,1.0,0.0
242,6,6,0,1.0,0.0
78,6,5,1,0.8333333333333334,0.16666666666666666
45,6,4,2,0.6666666666666666,0.3333333333333333
367,6,4,2,0.6666666666666666,0.3333333333333333
409,6,4,2,0.6666666666666666,0.3333333333333333
913,6,4,2,0.6666666666666666,0.3333333333333333
76,6,3,3,0.5,0.5
111,6,2,4,0.3333333333333333,0.6666666666666666
170,6,2,4,0.3333333333333333,0.6666666666666666
873,6,2,4,0.3333333333333333,0.6666666666666666
579,6,1,5,0.16666666666666666,0.8333333333333334
847,6,1,5,0.16666666666666666,0.8333333333333334
618,5,5,0,1.0,0.0
118,5,4,1,0.8,0.2
293,5,3,2,0.6,0.4
473,5,3,2,0.6,0.4
743,5,3,2,0.6,0.4
817,5,3,2,0.6,0.4
33,5,2,3,0.4,0.6
138,5,2,3,0.4,0.6
191,5,2,3,0.4,0.6
498,5,2,3,0.4,0.6
516,5,2,3,0.4,0.6
82,5,1,4,0.2,0.8
169,5,1,4,0.2,0.8
652,5,1,4,0.2,0.8
336,5,0,5,0.0,1.0
142,4,4,0,1.0,0.0
339,4,4,0,1.0,0.0
483,4,4,0,1.0,0.0
684,4,4,0,1.0,0.0
728,4,4,0,1.0,0.0
771,4,4,0,1.0,0.0
740,4,3,1,0.75,0.25
896,4,3,1,0.75,0.25
141,4,2,2,0.5,0.5
635,4,2,2,0.5,0.5
773,4,2,2,0.5,0.5
373,4,1,3,0.25,0.75
408,4,1,3,0.25,0.75
510,4,1,3,0.25,0.75
831,4,1,3,0.25,0.75
166,4,0,4,0.0,1.0
251,4,0,4,0.0,1.0
324,4,0,4,0.0,1.0
429,4,0,4,0.0,1.0
535,4,0,4,0.0,1.0
12,3,3,0,1.0,0.0
122,3,3,0,1.0,0.0
241,3,3,0,1.0,0.0
783,3,3,0,1.0,0.0
179,3,2,1,0.6666666666666666,0.3333333333333333
207,3,2,1,0.6666666666666666,0.3333333333333333
247,3,2,1,0.6666666666666666,0.3333333333333333
565,3,2,1,0.6666666666666666,0.3333333333333333
577,3,2,1,0.6666666666666666,0.3333333333333333
869,3,2,1,0.6666666666666666,0.3333333333333333
13,3,1,2,0.3333333333333333,0.6666666666666666
24,3,1,2,0.3333333333333333,0.6666666666666666
91,3,1,2,0.3333333333333333,0.6666666666666666
295,3,1,2,0.3333333333333333,0.6666666666666666
334,3,1,2,0.3333333333333333,0.6666666666666666
515,3,1,2,0.3333333333333333,0.6666666666666666
548,3,1,2,0.3333333333333333,0.6666666666666666
633,3,1,2,0.3333333333333333,0.6666666666666666
749,3,1,2,0.3333333333333333,0.6666666666666666
890,3,1,2,0.3333333333333333,0.6666666666666666
214,3,0,3,0.0,1.0
306,3,0,3,0.0,1.0
438,3,0,3,0.0,1.0
447,3,0,3,0.0,1.0
573,3,0,3,0.0,1.0
632,3,0,3,0.0,1.0
668,3,0,3,0.0,1.0
31,2,2,0,1.0,0.0
213,2,2,0,1.0,0.0
227,2,2,0,1.0,0.0
239,2,2,0,1.0,0.0
275,2,2,0,1.0,0.0
366,2,2,0,1.0,0.0
428,2,2,0,1.0,0.0
486,2,2,0,1.0,0.0
520,2,2,0,1.0,0.0
522,2,2,0,1.0,0.0
550,2,2,0,1.0,0.0
606,2,2,0,1.0,0.0
620,2,2,0,1.0,0.0
678,2,2,0,1.0,0.0
774,2,2,0,1.0,0.0
821,2,2,0,1.0,0.0
844,2,2,0,1.0,0.0
18,2,1,1,0.5,0.5
29,2,1,1,0.5,0.5
35,2,1,1,0.5,0.5
67,2,1,1,0.5,0.5
124,2,1,1,0.5,0.5
209,2,1,1,0.5,0.5
215,2,1,1,0.5,0.5
216,2,1,1,0.5,0.5
280,2,1,1,0.5,0.5
298,2,1,1,0.5,0.5
305,2,1,1,0.5,0.5
322,2,1,1,0.5,0.5
340,2,1,1,0.5,0.5
418,2,1,1,0.5,0.5
420,2,1,1,0.5,0.5
456,2,1,1,0.5,0.5
460,2,1,1,0.5,0.5
461,2,1,1,0.5,0.5
529,2,1,1,0.5,0.5
621,2,1,1,0.5,0.5
660,2,1,1,0.5,0.5
812,2,1,1,0.5,0.5
839,2,1,1,0.5,0.5
223,2,0,2,0.0,1.0
253,2,0,2,0.0,1.0
259,2,0,2,0.0,1.0
330,2,0,2,0.0,1.0
536,2,0,2,0.0,1.0
789,2,0,2,0.0,1.0
868,2,0,2,0.0,1.0
27,1,1,0,1.0,0.0
47,1,1,0,1.0,0.0
70,1,1,0,1.0,0.0
105,1,1,0,1.0,0.0
120,1,1,0,1.0,0.0
136,1,1,0,1.0,0.0
157,1,1,0,1.0,0.0
183,1,1,0,1.0,0.0
192,1,1,0,1.0,0.0
195,1,1,0,1.0,0.0
222,1,1,0,1.0,0.0
226,1,1,0,1.0,0.0
258,1,1,0,1.0,0.0
266,1,1,0,1.0,0.0
273,1,1,0,1.0,0.0
274,1,1,0,1.0,0.0
421,1,1,0,1.0,0.0
494,1,1,0,1.0,0.0
586,1,1,0,1.0,0.0
685,1,1,0,1.0,0.0
706,1,1,0,1.0,0.0
727,1,1,0,1.0,0.0
739,1,1,0,1.0,0.0
741,1,1,0,1.0,0.0
932,1,1,0,1.0,0.0
182,1,0,1,0.0,1.0
230,1,0,1,0.0,1.0
236,1,0,1,0.0,1.0
278,1,0,1,0.0,1.0
386,1,0,1,0.0,1.0
462,1,0,1,0.0,1.0
524,1,0,1,0.0,1.0
595,1,0,1,0.0,1.0
607,1,0,1,0.0,1.0
703,1,0,1,0.0,1.0
729,1,0,1,0.0,1.0
838,1,0,1,0.0,1.0
879,1,0,1,0.0,1.0
895,1,0,1,0.0,1.0
902,1,0,1,0.0,1.0
