selected_score_name,threshold,equivalent_score_delta,accuracy,balanced_accuracy,f1_macro,mitterrand_count,chirac_count
prob_mitterrand_raw,0.05,-2.9444389791664403,0.9156985351749604,0.9368186775494682,0.8496877953393689,11843,45570
prob_mitterrand_raw,0.055,-2.843851742261272,0.9181544249560204,0.9376109376025368,0.8530788770939474,11680,45733
prob_mitterrand_raw,0.06,-2.751535313041949,0.9206974030271889,0.9389048342882322,0.8567357095211919,11528,45885
prob_mitterrand_raw,0.065,-2.66615925939305,0.9226655983836414,0.939360036184351,0.8594804084139269,11391,46022
prob_mitterrand_raw,0.06999999999999999,-2.586689344097943,0.9246860467141588,0.9401275082197983,0.8623910595155222,11261,46152
prob_mitterrand_raw,0.07499999999999998,-2.5123056239761152,0.926253635936112,0.9408601701891177,0.8646983210333063,11165,46248
prob_mitterrand_raw,0.07999999999999999,-2.4423470353692047,0.9278560604741086,0.9414999946579271,0.8670529246040893,11063,46350
prob_mitterrand_raw,0.08499999999999999,-2.3762728087852047,0.9291275495096929,0.9420058410038705,0.8689346600474976,10982,46431
prob_mitterrand_raw,0.08999999999999998,-2.3136349291806306,0.9307473917057113,0.9427685691187101,0.8713736128044427,10883,46530
prob_mitterrand_raw,0.09499999999999997,-2.254058052099386,0.9319143747931653,0.9430449607773284,0.8730887522488262,10802,46611
prob_mitterrand_raw,0.09999999999999998,-2.1972245773362196,0.9329420166164457,0.9434104984441779,0.8746326255799897,10735,46678
prob_mitterrand_raw,0.10499999999999998,-2.1428633681173324,0.9340219114137913,0.9436367798602625,0.8762333429188369,10659,46754
prob_mitterrand_raw,0.10999999999999997,-2.0907410969337694,0.9349798826049849,0.9439057885343236,0.87767504810047,10594,46819
prob_mitterrand_raw,0.11499999999999996,-2.0406555166446796,0.9359901067702436,0.9443741857501897,0.879239511165292,10532,46881
prob_mitterrand_raw,0.11999999999999997,-1.9924301646902065,0.9369306603034157,0.944633172375744,0.8806695976342245,10468,46945
prob_mitterrand_raw,0.12499999999999997,-1.9459101490553135,0.9375925313082403,0.9446753654264293,0.8816539249802349,10418,46995
prob_mitterrand_raw,0.12999999999999995,-1.9009587611930474,0.9384634142093254,0.9450635862542416,0.8830183249341739,10364,47049
prob_mitterrand_raw,0.13499999999999995,-1.8574547284934502,0.9391775381882153,0.9450794046516853,0.8840850238103557,10309,47104
prob_mitterrand_raw,0.13999999999999996,-1.8152899666382496,0.9398219915350182,0.9452808980501487,0.8850869383389328,10266,47147
prob_mitterrand_raw,0.14499999999999996,-1.7743677265161861,0.9404664448818212,0.9453695098510888,0.8860715831323736,10219,47194
prob_mitterrand_raw,0.14999999999999997,-1.7346010553881066,0.9411283158866459,0.9456374660968206,0.8871196957624269,10177,47236
prob_mitterrand_raw,0.15499999999999994,-1.6959115104379276,0.9417553515754271,0.9459418190443007,0.888125464885547,10139,47274
prob_mitterrand_raw,0.15999999999999995,-1.6582280766035329,0.9423649696061868,0.9460668275469892,0.8890753129597203,10096,47317
prob_mitterrand_raw,0.16499999999999995,-1.6214862509502752,0.9429223346628812,0.9462746515016807,0.8899638574368103,10060,47353
prob_mitterrand_raw,0.16999999999999993,-1.5856272637403823,0.9433577761134238,0.9464687619155869,0.8906657350592572,10033,47380
prob_mitterrand_raw,0.17499999999999993,-1.5505974124111674,0.9438628881960531,0.9464771973284734,0.891443006582584,9994,47419
prob_mitterrand_raw,0.17999999999999994,-1.5163474893680888,0.9442983296465958,0.9465019853460945,0.8921183358402086,9961,47452
prob_mitterrand_raw,0.18499999999999994,-1.4828322881625382,0.9447860240712034,0.9465003987104742,0.8928717860189633,9923,47490
prob_mitterrand_raw,0.18999999999999995,-1.4500101755059986,0.9450472889415289,0.9464249662430283,0.8932631616824807,9900,47513
prob_mitterrand_raw,0.19499999999999992,-1.417842718854817,0.9453956421019629,0.9463996440181159,0.8937995901723026,9872,47541
prob_mitterrand_raw,0.19999999999999993,-1.386294361119891,0.9456569069722885,0.9462113299531467,0.894172745440597,9845,47568
prob_mitterrand_raw,0.20499999999999993,-1.3553321355159242,0.9460052601327226,0.9461295669294727,0.8947015992948306,9815,47598
prob_mitterrand_raw,0.2099999999999999,-1.324925414743599,0.9464232839252434,0.9462007736973488,0.8953679101999874,9785,47628
prob_mitterrand_raw,0.2149999999999999,-1.2950456896547462,0.9469283960078728,0.9463785315065203,0.8961915006171175,9752,47661
prob_mitterrand_raw,0.21999999999999992,-1.2656663733312763,0.9473986727744588,0.9465362452186782,0.8969591448194851,9721,47692
prob_mitterrand_raw,0.22499999999999992,-1.2367626271489274,0.9477470259348928,0.9466238045912891,0.8975240783521262,9697,47716
prob_mitterrand_raw,0.22999999999999993,-1.2083112059245347,0.9481127967533486,0.9466649452136452,0.898109792553482,9670,47743
prob_mitterrand_raw,0.2349999999999999,-1.1802903196823775,0.9484437322557608,0.9466860417389877,0.8986381750245932,9645,47768
prob_mitterrand_raw,0.2399999999999999,-1.152679509938386,0.9486875794680647,0.9464312648267502,0.8989817504235883,9617,47796
prob_mitterrand_raw,0.2449999999999999,-1.1254595387042983,0.9491056032605856,0.9465024715946263,0.8996598463195109,9587,47826
prob_mitterrand_raw,0.2499999999999999,-1.0986122886681102,0.9495410447111281,0.9465837004110091,0.9003693737500595,9556,47857
prob_mitterrand_raw,0.2549999999999999,-1.072120673221134,0.9497674742654103,0.9463753422490265,0.9006964580973147,9531,47882
prob_mitterrand_raw,0.2599999999999999,-1.0459685551826883,0.9499764861616707,0.9461569620385372,0.9009945877726417,9507,47906
prob_mitterrand_raw,0.2649999999999999,-1.020140673226615,0.9502203333739745,0.9457893035287761,0.9013240161313736,9475,47938
prob_mitterrand_raw,0.2699999999999999,-0.9946225751440626,0.9505861041924303,0.945717562553609,0.9019011891054141,9444,47969
prob_mitterrand_raw,0.2749999999999999,-0.9694005571881039,0.9508473690627558,0.945472807689878,0.9022817532692642,9415,47998
prob_mitterrand_raw,0.2799999999999999,-0.9444616088408518,0.951247975197255,0.9455339924092474,0.9029407086847733,9386,48027
prob_mitterrand_raw,0.28499999999999986,-0.9197933624253577,0.9514569870935154,0.945315612198758,0.9032431746564336,9362,48051
prob_mitterrand_raw,0.28999999999999987,-0.8953840470548421,0.951718251963841,0.9451837389325504,0.9036458287547362,9337,48076
prob_mitterrand_raw,0.2949999999999999,-0.8712224464724494,0.9519098462020796,0.9451246590698393,0.9039479880404284,9320,48093
prob_mitterrand_raw,0.2999999999999999,-0.8472978603872043,0.9522233640464703,0.9453050559429601,0.9044896430613794,9302,48111
prob_mitterrand_raw,0.3049999999999999,-0.823600068957381,0.9526239701809694,0.9454226814610913,0.9051643935736209,9275,48138
prob_mitterrand_raw,0.3099999999999999,-0.8001193001121136,0.9527981467611865,0.9451278163548269,0.9054010237952058,9251,48162
prob_mitterrand_raw,0.3149999999999999,-0.7768461994365927,0.9530419939734903,0.9450988026376359,0.9057965983347187,9231,48182
prob_mitterrand_raw,0.31999999999999984,-0.7537718023763809,0.9531987528956857,0.9449632378791496,0.906031999904383,9214,48199
prob_mitterrand_raw,0.32499999999999984,-0.730887508542793,0.9534774354240328,0.9450107090577338,0.9064988532966984,9194,48219
prob_mitterrand_raw,0.32999999999999985,-0.7081850579244865,0.9537212826363367,0.9449816953405428,0.9068965070248869,9174,48239
prob_mitterrand_raw,0.33499999999999985,-0.6856565088307884,0.9539128768745755,0.9447532930815467,0.9071758181881266,9151,48262
prob_mitterrand_raw,0.33999999999999986,-0.6632942174102647,0.9540870534547925,0.9446277503715672,0.9074436662587209,9133,48280
prob_mitterrand_raw,0.34499999999999986,-0.6410908186038928,0.9544005712991831,0.9445823840496413,0.9079563491349061,9107,48306
prob_mitterrand_raw,0.34999999999999987,-0.6190392084062241,0.9545747478794001,0.9443439597421386,0.9082070335380331,9085,48328
prob_mitterrand_raw,0.35499999999999987,-0.5971325273203572,0.9548011774336823,0.9441920423789175,0.9085593399166589,9062,48351
prob_mitterrand_raw,0.3599999999999999,-0.5753641449035624,0.9550450246459861,0.9441630286617266,0.9089613885007519,9042,48371
prob_mitterrand_raw,0.3649999999999998,-0.5537276453102009,0.955166948252138,0.9440638606049886,0.9091490083067677,9029,48384
prob_mitterrand_raw,0.36999999999999983,-0.5322168137473089,0.9553237071743333,0.943984736645264,0.9093983791646469,9014,48399
prob_mitterrand_raw,0.37499999999999983,-0.5108256237659914,0.9555327190705938,0.9439921196298213,0.9097496038883222,8998,48415
prob_mitterrand_raw,0.37999999999999984,-0.48954822531870645,0.955811401598941,0.9440395908084054,0.910224777846331,8978,48435
prob_mitterrand_raw,0.38499999999999984,-0.4683789335187343,0.9558984898890495,0.9438639378558923,0.9103429197039364,8965,48448
prob_mitterrand_raw,0.38999999999999985,-0.4473122180436655,0.9561075017853099,0.9438148800416879,0.9106866613908614,8947,48466
prob_mitterrand_raw,0.39499999999999985,-0.4263426931297202,0.9563165136815703,0.9437658222274834,0.9110309934205603,8929,48484
prob_mitterrand_raw,0.3999999999999998,-0.4054651081081652,0.9565081079198091,0.9437067423647724,0.911344904898583,8912,48501
prob_mitterrand_raw,0.4049999999999998,-0.38467433843909143,0.9566822845000261,0.9435811996547929,0.9116193056824942,8894,48519
prob_mitterrand_raw,0.4099999999999998,-0.3639653772014124,0.9567345374740912,0.9430468578126964,0.9116227279660658,8871,48542
prob_mitterrand_raw,0.4149999999999998,-0.343333327001159,0.9568216257641997,0.9426454416651366,0.9117063335896839,8850,48563
prob_mitterrand_raw,0.4199999999999998,-0.3227733922630518,0.95692613171233,0.9426491331574153,0.9118841357740974,8842,48571
prob_mitterrand_raw,0.4249999999999998,-0.30228087187293434,0.9569087140543082,0.942244025517577,0.9117900698415153,8829,48584
prob_mitterrand_raw,0.4299999999999998,-0.28185115214098844,0.9570828906345252,0.9421749236063591,0.9120748572792954,8813,48600
prob_mitterrand_raw,0.43499999999999983,-0.26147970005775756,0.9574138261369376,0.942308901729225,0.9126591733006831,8792,48621
prob_mitterrand_raw,0.43999999999999984,-0.24116205681688874,0.9576054203751764,0.9421369402689905,0.9129586126970664,8771,48642
prob_mitterrand_raw,0.4449999999999998,-0.22089383158019515,0.95774476163935,0.9419349126632359,0.9131646163546903,8753,48660
prob_mitterrand_raw,0.4499999999999998,-0.200670695462152,0.957797014613415,0.9417392156137094,0.9132230291590422,8742,48671
prob_mitterrand_raw,0.4549999999999998,-0.18048837571229448,0.957918938219567,0.941696488355733,0.9134248312362951,8731,48682
prob_mitterrand_raw,0.4599999999999998,-0.1603426500751802,0.9581802030898925,0.9417903782845722,0.9138871132078881,8714,48699
prob_mitterrand_raw,0.4649999999999998,-0.14022934130865103,0.9582847090380228,0.9417376289780892,0.9140580879090983,8704,48709
prob_mitterrand_raw,0.4699999999999998,-0.12014431184206403,0.9584937209342832,0.9415192487675998,0.9143828746864381,8680,48733
prob_mitterrand_raw,0.4749999999999998,-0.10008345855698329,0.9586853151725219,0.9415166097036503,0.9147120900577403,8665,48748
prob_mitterrand_raw,0.47999999999999976,-0.08004270767353738,0.9587898211206521,0.9414074195984057,0.914875072880524,8653,48760
prob_mitterrand_raw,0.48499999999999976,-0.06001800972625389,0.9589639977008692,0.9413383176871878,0.9151646905361082,8637,48776
prob_mitterrand_raw,0.48999999999999977,-0.04000533461370009,0.9591033389650427,0.9411362900814332,0.9153739158258125,8619,48794
prob_mitterrand_raw,0.4949999999999998,-0.02000066670667043,0.9592252625711947,0.9409242404271718,0.9155518036660562,8602,48811
prob_mitterrand_raw,0.4999999999999998,-8.881784197001252e-16,0.9593994391514117,0.940855138515954,0.9158426631309599,8586,48827
prob_mitterrand_raw,0.5049999999999998,0.020000666706668654,0.9595387804155853,0.9404837885139145,0.9160267689388764,8562,48851
prob_mitterrand_raw,0.5099999999999998,0.04000533461369831,0.9597129569958024,0.940358245803935,0.9163098404218067,8544,48869
prob_mitterrand_raw,0.5149999999999998,0.06001800972625211,0.9599045512340411,0.9400169619474155,0.9165904466760133,8517,48896
prob_mitterrand_raw,0.5199999999999998,0.0800427076735356,0.9599219688920628,0.9397447800021139,0.9165787538442697,8506,48907
prob_mitterrand_raw,0.5249999999999998,0.10008345855698174,0.960026474840193,0.9395791490981076,0.916735343837668,8492,48921
prob_mitterrand_raw,0.5299999999999998,0.12014431184206247,0.9600961454722798,0.9392805924995644,0.9168108131268713,8476,48937
prob_mitterrand_raw,0.5349999999999998,0.14022934130864947,0.9601658161043666,0.939038476699783,0.9168950994702989,8462,48951
prob_mitterrand_raw,0.5399999999999998,0.16034265007517862,0.9603399926845836,0.9388000523922801,0.917162883576188,8440,48973
prob_mitterrand_raw,0.5449999999999997,0.18048837571229248,0.9604444986327139,0.9385215398907505,0.9173029530645477,8422,48991
prob_mitterrand_raw,0.5499999999999997,0.20067069546215,0.9605664222388658,0.9384223718340126,0.917501429734531,8409,49004
prob_mitterrand_raw,0.5549999999999997,0.22089383158019316,0.9607580164771045,0.9384761735688247,0.9178460176488235,8396,49017
prob_mitterrand_raw,0.5599999999999997,0.2411620568168869,0.9609321930573215,0.9384635124563685,0.9181502527328027,8382,49031
prob_mitterrand_raw,0.5649999999999997,0.2614797000577557,0.9611063696375385,0.9381686473501041,0.9184118162883136,8358,49055
prob_mitterrand_raw,0.5699999999999997,0.2818511521409866,0.9611934579276471,0.9380494351963526,0.9185471342873792,8347,49066
prob_mitterrand_raw,0.5749999999999997,0.3022808718729325,0.9613676345078641,0.9379803332851349,0.9188440095938486,8331,49082
prob_mitterrand_raw,0.5799999999999997,0.32277339226304996,0.9615069757720377,0.9377783056793803,0.9190595346416335,8313,49100
prob_mitterrand_raw,0.5849999999999997,0.34333332700115715,0.9615592287461028,0.937356845434807,0.9190878418684196,8294,49119
prob_mitterrand_raw,0.5899999999999997,0.36396537720141064,0.9615069757720377,0.9368752528991936,0.9189218558003475,8281,49132
prob_mitterrand_raw,0.5949999999999998,0.3846743384390896,0.9616463170362113,0.936673225293439,0.9191379355073626,8263,49150
prob_mitterrand_raw,0.5999999999999998,0.4054651081081634,0.9618553289324717,0.936398404284188,0.9194670673327456,8237,49176
prob_mitterrand_raw,0.6049999999999998,0.4263426931297186,0.9620120878546671,0.9363757211232251,0.9197423453854543,8224,49189
prob_mitterrand_raw,0.6099999999999998,0.44731221804366383,0.9622036820929057,0.9364859636567989,0.9201001803242245,8213,49200
prob_mitterrand_raw,0.6149999999999998,0.46837893351873267,0.9624126939891662,0.9364369058425945,0.9204654763395712,8195,49218
prob_mitterrand_raw,0.6199999999999997,0.48954822531870434,0.96265654120147,0.9362950105278802,0.9208797765393728,8171,49242
prob_mitterrand_raw,0.6249999999999997,0.5108256237659892,0.9626739588594918,0.9359663877838169,0.9208614953689772,8158,49255
prob_mitterrand_raw,0.6299999999999997,0.5322168137473069,0.9627436294915785,0.9358371535815588,0.9209667764977019,8148,49265
prob_mitterrand_raw,0.6349999999999997,0.5537276453101987,0.962830717781687,0.9354921782327608,0.9210709298571084,8129,49284
prob_mitterrand_raw,0.6399999999999997,0.5753641449035605,0.9629178060717956,0.9353165252802477,0.921200734824046,8116,49297
prob_mitterrand_raw,0.6449999999999997,0.5971325273203554,0.963126817968056,0.9352674674660433,0.9215688279855709,8098,49315
prob_mitterrand_raw,0.6499999999999997,0.6190392084062221,0.963126817968056,0.9348723818747116,0.9215095493290908,8084,49329
prob_mitterrand_raw,0.6549999999999997,0.6410908186038907,0.9633880828383815,0.9348533902060274,0.9219772012450533,8063,49350
prob_mitterrand_raw,0.6599999999999997,0.6632942174102627,0.9635100064445334,0.934810662948051,0.92219073347333,8052,49361
prob_mitterrand_raw,0.6649999999999997,0.6856565088307863,0.9636667653667288,0.9347315389883265,0.9224620293934342,8037,49376
prob_mitterrand_raw,0.6699999999999997,0.7081850579244845,0.9637016006827722,0.93441293829277,0.922477543964298,8023,49390
prob_mitterrand_raw,0.6749999999999997,0.7308875085427909,0.9639280302370543,0.934261020929549,0.922864852723606,8000,49413
prob_mitterrand_raw,0.6799999999999997,0.7537718023763789,0.9640325361851846,0.9340389492267809,0.9230213710745166,7984,49429
prob_mitterrand_raw,0.6849999999999997,0.776846199436591,0.9640847891592497,0.9337303705797311,0.9230703973617923,7969,49444
prob_mitterrand_raw,0.6899999999999997,0.8001193001121119,0.9640673715012279,0.9332688221411312,0.9229701262695758,7954,49459
prob_mitterrand_raw,0.6949999999999997,0.8236000689573791,0.9641892951073798,0.9330003316881081,0.9231518354494388,7935,49478
prob_mitterrand_raw,0.6999999999999997,0.8472978603872023,0.9643286363715535,0.9326854224848302,0.9233587229860636,7913,49500
prob_mitterrand_raw,0.7049999999999996,0.8712224464724471,0.964415724661662,0.9323968879347938,0.923474631179406,7896,49517
prob_mitterrand_raw,0.7099999999999996,0.8953840470548396,0.9646073188999007,0.932281367273321,0.9238073189458139,7877,49536
prob_mitterrand_raw,0.7149999999999996,0.9197933624253553,0.9646595718739658,0.9319727886262712,0.9238571191772538,7862,49551
prob_mitterrand_raw,0.7199999999999996,0.9444616088408495,0.9647989131381395,0.9318272018192781,0.9240905948044056,7846,49567
prob_mitterrand_raw,0.7249999999999996,0.9694005571881018,0.9648337484541829,0.9313957195261984,0.9240905333418661,7828,49585
prob_mitterrand_raw,0.7299999999999996,0.9946225751440603,0.9649382544023131,0.9311736478234303,0.9242493368519975,7812,49601
prob_mitterrand_raw,0.7349999999999997,1.0201406732266127,0.9650775956664867,0.9310845018151991,0.9244920636637026,7798,49615
prob_mitterrand_raw,0.7399999999999997,1.0459685551826858,0.9651995192726386,0.9308724521609377,0.9246849666970062,7781,49632
prob_mitterrand_raw,0.7449999999999997,1.0721206732211317,0.9653214428787905,0.9307168433054381,0.9248865218030906,7766,49647
prob_mitterrand_raw,0.7499999999999997,1.098612288668108,0.9653736958528556,0.9301825014633416,0.9249040570860798,7743,49670
prob_mitterrand_raw,0.7549999999999997,1.1254595387042958,0.9654956194590075,0.929857570211557,0.9250812014179359,7722,49691
prob_mitterrand_raw,0.7599999999999997,1.1526795099383838,0.9656523783812029,0.9297784462518324,0.9253593605493837,7707,49706
prob_mitterrand_raw,0.7649999999999997,1.180290319682375,0.9658613902774633,0.9297293884376281,0.9257392013318662,7689,49724
prob_mitterrand_raw,0.7699999999999997,1.2083112059245324,0.9659136432515284,0.9294208097905783,0.9257908543664687,7674,49739
prob_mitterrand_raw,0.7749999999999997,1.2367626271489252,0.9660181491996586,0.9290858564902869,0.9259357497084649,7654,49759
prob_mitterrand_raw,0.7799999999999996,1.2656663733312734,0.966052984515702,0.928654374197207,0.9259371976377094,7636,49777
prob_mitterrand_raw,0.7849999999999996,1.295045689654743,0.9661574904638323,0.928262980098154,0.9260742071878689,7614,49799
prob_mitterrand_raw,0.7899999999999996,1.324925414743596,0.9662968317280058,0.9278351892973528,0.9262711413651599,7588,49825
prob_mitterrand_raw,0.7949999999999996,1.3553321355159214,0.9663316670440493,0.9275165886017962,0.9262893950853485,7574,49839
prob_mitterrand_raw,0.7999999999999996,1.3862943611198881,0.9664361729921794,0.9273509576977899,0.9264603094994246,7560,49853
prob_mitterrand_raw,0.8049999999999996,1.4178427188548142,0.9665058436242663,0.9270524010992467,0.9265468120241861,7544,49869
prob_mitterrand_raw,0.8099999999999996,1.4500101755059958,0.9666974378625051,0.9269933212365356,0.9268969428396685,7527,49886
prob_mitterrand_raw,0.8149999999999996,1.4828322881625353,0.9668541967847003,0.926744874880526,0.9271547130621265,7506,49907
prob_mitterrand_raw,0.8199999999999996,1.516347489368086,0.9670283733649173,0.9265628913717849,0.9274554845921704,7486,49927
prob_mitterrand_raw,0.8249999999999996,1.5505974124111643,0.9669761203908522,0.9257426540436016,0.9272375125790046,7461,49952
prob_mitterrand_raw,0.8299999999999996,1.5856272637403792,0.9670283733649173,0.9254905161953133,0.927299026176962,7448,49965
prob_mitterrand_raw,0.8349999999999996,1.6214862509502723,0.9671328793130476,0.9252120036937836,0.9274552961670135,7430,49983
prob_mitterrand_raw,0.8399999999999996,1.6582280766035298,0.9672548029191995,0.9249999540395224,0.9276544584688577,7413,50000
prob_mitterrand_raw,0.8449999999999996,1.6959115104379245,0.9673767265253514,0.9244492595926911,0.9278045732908686,7384,50029
prob_mitterrand_raw,0.8499999999999996,1.7346010553881037,0.9674463971574382,0.923812058201578,0.9278434042923992,7356,50057
prob_mitterrand_raw,0.8549999999999996,1.774367726516183,0.9674289794994165,0.9231247465679313,0.9277096605018124,7333,50080
prob_mitterrand_raw,0.8599999999999997,1.8152899666382463,0.967516067789525,0.9225540080240866,0.9277911812302106,7306,50107
prob_mitterrand_raw,0.8649999999999995,1.857454728493446,0.9674986501315033,0.9215844923966316,0.9276152150299759,7273,50140
prob_mitterrand_raw,0.8699999999999996,1.900958761193043,0.9677076620277637,0.9210274673935723,0.9279312361158709,7237,50176
prob_mitterrand_raw,0.8749999999999996,1.9459101490553092,0.9678470032919374,0.9203739133977245,0.928100964633628,7203,50210
prob_mitterrand_raw,0.8799999999999996,1.992430164690202,0.9678992562660025,0.9196138083605812,0.9280886516377054,7172,50241
prob_mitterrand_raw,0.8849999999999996,2.040655516644675,0.9678818386079807,0.9185878519343647,0.9279030560974104,7137,50276
prob_mitterrand_raw,0.8899999999999996,2.090741096933765,0.967986344556111,0.91780137224398,0.9279866226568065,7101,50312
prob_mitterrand_raw,0.8949999999999996,2.1428633681173275,0.9678992562660025,0.9164531236299281,0.9276173223964621,7060,50353
prob_mitterrand_raw,0.8999999999999996,2.1972245773362147,0.9677773326598506,0.9149719493213396,0.9271587729519983,7017,50396
prob_mitterrand_raw,0.9049999999999996,2.2540580520993805,0.9677250796857855,0.9137566264018246,0.9268728683361724,6978,50435
prob_mitterrand_raw,0.9099999999999996,2.3136349291806257,0.9675334854475467,0.9120096007041625,0.9262341212593125,6931,50482
prob_mitterrand_raw,0.9149999999999996,2.3762728087852,0.9673593088673297,0.9101597154574839,0.9256091527844728,6879,50534
prob_mitterrand_raw,0.9199999999999996,2.442347035369199,0.9672722205772212,0.9086985852459086,0.9252103947870709,6834,50579
prob_mitterrand_raw,0.9249999999999996,2.512305623976109,0.9669412850748088,0.9065891791663846,0.9242323742605142,6785,50628
prob_mitterrand_raw,0.9299999999999996,2.5866893440979366,0.9668367791266786,0.9050051453087794,0.9237734116346081,6737,50676
prob_mitterrand_raw,0.9349999999999996,2.6661592593930434,0.9666800202044833,0.9029959597143224,0.9231399982767375,6678,50735
prob_mitterrand_raw,0.9399999999999995,2.75153531304194,0.9664710083082229,0.900843826376822,0.9223759893762449,6618,50795
prob_mitterrand_raw,0.9449999999999995,2.8438517422612626,0.9661400728058105,0.8976620451208264,0.9211926590729812,6531,50882
prob_mitterrand_raw,0.9499999999999995,2.94443897916643,0.9658439726194415,0.8948953935531758,0.920136425164173,6456,50957
