score_name,threshold,best_threshold,equivalent_score_delta,accuracy,balanced_accuracy,f1_macro,mitterrand_count,chirac_count
prob_mitterrand_raw,0.05,0.05,-2.9444389791664403,0.884938951108634,0.9213209310383148,0.8089891396603586,13687,43726
prob_mitterrand_raw,0.055,0.055,-2.843851742261272,0.8889972654276906,0.9232609827490478,0.8140456706379939,13440,43973
prob_mitterrand_raw,0.06,0.06,-2.751535313041949,0.8928291501924651,0.9252400702254784,0.8189306128042619,13212,44201
prob_mitterrand_raw,0.065,0.065,-2.66615925939305,0.8955811401598941,0.9262591459019227,0.8223886186089698,13034,44379
prob_mitterrand_raw,0.06999999999999999,0.06999999999999999,-2.586689344097943,0.898280877153258,0.9274174778291319,0.8258587402776612,12865,44548
prob_mitterrand_raw,0.07499999999999998,0.07499999999999998,-2.5123056239761152,0.9007193492762963,0.9284819198275018,0.8290318548141131,12713,44700
prob_mitterrand_raw,0.07999999999999999,0.07999999999999999,-2.4423470353692047,0.9029139741870308,0.929406053146778,0.8319084062202127,12575,44838
prob_mitterrand_raw,0.08499999999999999,0.08499999999999999,-2.3762728087852047,0.9047602459373313,0.9302990678922047,0.8343767440244865,12463,44950
prob_mitterrand_raw,0.08999999999999998,0.08999999999999998,-2.3136349291806306,0.906937453190044,0.9313260607604974,0.83730690706095,12330,45083
prob_mitterrand_raw,0.09499999999999997,0.09499999999999997,-2.254058052099386,0.9085921307021058,0.9318830697773037,0.8395016336150964,12221,45192
prob_mitterrand_raw,0.09999999999999998,0.09999999999999998,-2.1972245773362196,0.9100900492919722,0.9324063211563113,0.8415076150233582,12123,45290
prob_mitterrand_raw,0.10499999999999998,0.10499999999999998,-2.1428633681173324,0.911744726804034,0.9331326525694026,0.8437735765597062,12020,45393
prob_mitterrand_raw,0.10999999999999997,0.10999999999999997,-2.0907410969337694,0.9133471513420306,0.933603154641927,0.8459323780779298,11912,45501
prob_mitterrand_raw,0.11499999999999996,0.11499999999999996,-2.0406555166446796,0.9150018288540923,0.93438592685378,0.8482455765687548,11811,45602
prob_mitterrand_raw,0.11999999999999997,0.11999999999999997,-1.9924301646902065,0.9163429885217633,0.9349318613937503,0.850113934295445,11726,45687
prob_mitterrand_raw,0.12499999999999997,0.12499999999999997,-1.9459101490553135,0.9175796422413043,0.9352483412463954,0.8518064308037935,11641,45772
prob_mitterrand_raw,0.12999999999999995,0.12999999999999995,-1.9009587611930474,0.9186769546966714,0.9358232895035568,0.853381410520923,11576,45837
prob_mitterrand_raw,0.13499999999999995,0.13499999999999995,-1.8574547284934502,0.9198613554421472,0.9359968216131584,0.8549935277251492,11490,45923
prob_mitterrand_raw,0.13999999999999996,0.13999999999999996,-1.8152899666382496,0.9206451500531239,0.9361656098021522,0.8560778063366685,11435,45978
prob_mitterrand_raw,0.14499999999999996,0.14499999999999996,-1.7743677265161861,0.9217598801665128,0.9365248169127737,0.8576533571783782,11361,46052
prob_mitterrand_raw,0.14999999999999997,0.14999999999999997,-1.7346010553881066,0.9227875219897933,0.9370032361771465,0.8591452733062224,11298,46115
prob_mitterrand_raw,0.15499999999999994,0.15499999999999994,-1.6959115104379276,0.9238674167871388,0.9375681623858012,0.8607342255341807,11234,46179
prob_mitterrand_raw,0.15999999999999995,0.15999999999999995,-1.6582280766035329,0.9246860467141588,0.9377005538730468,0.8618818146382782,11175,46238
prob_mitterrand_raw,0.16499999999999995,0.16499999999999995,-1.6214862509502752,0.9258704474596345,0.9383256123727417,0.8636423249569415,11105,46308
prob_mitterrand_raw,0.16999999999999993,0.16999999999999993,-1.5856272637403823,0.9265845714385244,0.9383978715689472,0.8646451733916369,11052,46361
prob_mitterrand_raw,0.17499999999999993,0.17499999999999993,-1.5505974124111674,0.9277341368679567,0.938777122776582,0.8663227852396546,10976,46437
prob_mitterrand_raw,0.17999999999999994,0.17999999999999994,-1.5163474893680888,0.9285701844529984,0.9390888587086192,0.8675567216153854,10922,46491
prob_mitterrand_raw,0.18499999999999994,0.18499999999999994,-1.4828322881625382,0.9294410673540836,0.9392513163413851,0.8688146357955975,10860,46553
prob_mitterrand_raw,0.18999999999999995,0.18999999999999995,-1.4500101755059986,0.9299984324107781,0.9392333771010299,0.8695981379377347,10816,46597
prob_mitterrand_raw,0.19499999999999992,0.19499999999999992,-1.417842718854817,0.930764809363733,0.9395614656378021,0.8707516156488728,10768,46645
prob_mitterrand_raw,0.19999999999999993,0.19999999999999993,-1.386294361119891,0.9312002508142755,0.9395298128566616,0.8713649031636127,10733,46680
prob_mitterrand_raw,0.20499999999999993,0.20499999999999993,-1.3553321355159242,0.9317750335289917,0.9395218956648133,0.8721839301256886,10688,46725
prob_mitterrand_raw,0.2099999999999999,0.2099999999999999,-1.324925414743599,0.9324543221918381,0.9396305515627668,0.8731794560606359,10639,46774
prob_mitterrand_raw,0.2149999999999999,0.2149999999999999,-1.2950456896547462,0.9330987755386411,0.9398320449612303,0.8741473363365877,10596,46817
prob_mitterrand_raw,0.21999999999999992,0.21999999999999992,-1.2656663733312763,0.9339348231236828,0.9401437808932676,0.8754181518115177,10542,46871
prob_mitterrand_raw,0.22499999999999992,0.22499999999999992,-1.2367626271489274,0.9343528469162037,0.9401585468623821,0.8760277610081126,10510,46903
prob_mitterrand_raw,0.22999999999999993,0.22999999999999993,-1.2083112059245347,0.9349973002630066,0.9403600402608456,0.8770060156377236,10467,46946
prob_mitterrand_raw,0.2349999999999999,0.2349999999999999,-1.1802903196823775,0.9354327417135492,0.9403283874797052,0.8776360087706865,10432,46981
prob_mitterrand_raw,0.2399999999999999,0.2399999999999999,-1.152679509938386,0.9359552714542003,0.9402339633435749,0.8783833499516127,10388,47025
prob_mitterrand_raw,0.2449999999999999,0.2449999999999999,-1.1254595387042983,0.9363558775886994,0.940182266465421,0.8789622068991186,10355,47058
prob_mitterrand_raw,0.2499999999999999,0.2499999999999999,-1.0986122886681102,0.9368087366972637,0.9403299581290723,0.8796586889877541,10325,47088
prob_mitterrand_raw,0.2549999999999999,0.2549999999999999,-1.072120673221134,0.9373486840959364,0.9404148784377337,0.8804737474516462,10286,47127
prob_mitterrand_raw,0.2599999999999999,0.2599999999999999,-1.0459685551826883,0.9378886314946092,0.9406691211426803,0.8813242464122765,10253,47160
prob_mitterrand_raw,0.2649999999999999,0.2649999999999999,-1.020140673226615,0.9382021493389999,0.9404544324244696,0.8817493304954163,10221,47192
prob_mitterrand_raw,0.2699999999999999,0.2699999999999999,-0.9946225751440626,0.9387420967376726,0.9406522343306544,0.882593183386805,10186,47227
prob_mitterrand_raw,0.2749999999999999,0.2749999999999999,-0.9694005571881039,0.9393342971104105,0.9407672207848361,0.8835021608838325,10144,47269
prob_mitterrand_raw,0.2799999999999999,0.2799999999999999,-0.9444616088408518,0.9398045738769965,0.940755612100709,0.8842067430069844,10107,47306
prob_mitterrand_raw,0.28499999999999986,0.28499999999999986,-0.9197933624253577,0.940361938933691,0.9407941136591156,0.8850546195541039,10065,47348
prob_mitterrand_raw,0.28999999999999987,0.28999999999999987,-0.8953840470548421,0.940710292094125,0.9404301466416333,0.8855126420350451,10025,47388
prob_mitterrand_raw,0.2949999999999999,0.2949999999999999,-0.8712224464724494,0.9409541393064289,0.9404011329244423,0.8858768734961235,10005,47408
prob_mitterrand_raw,0.2999999999999999,0.2999999999999999,-0.8472978603872043,0.9413199101248846,0.9404422735467983,0.8864403685390668,9978,47435
prob_mitterrand_raw,0.3049999999999999,0.3049999999999999,-0.823600068957381,0.9418946928396008,0.9406601195499966,0.8873572944048704,9941,47472
prob_mitterrand_raw,0.3099999999999999,0.3099999999999999,-0.8001193001121136,0.9421907930259698,0.9405482903808025,0.8877889001906298,9914,47499
prob_mitterrand_raw,0.3149999999999999,0.3149999999999999,-0.7768461994365927,0.9426262344765123,0.9406295191971853,0.8884712766203627,9883,47530
prob_mitterrand_raw,0.31999999999999984,0.31999999999999984,-0.7537718023763809,0.9429571699789246,0.9405377341250045,0.8889625813322747,9854,47559
prob_mitterrand_raw,0.32499999999999984,0.32499999999999984,-0.730887508542793,0.9433229407973804,0.9405788747473606,0.8895334957497261,9827,47586
prob_mitterrand_raw,0.32999999999999985,0.32999999999999985,-0.7081850579244865,0.943636458641771,0.9407028308217198,0.8900403388795426,9807,47606
prob_mitterrand_raw,0.33499999999999985,0.33499999999999985,-0.6856565088307884,0.9438977235120966,0.9404580759579888,0.8903991807761726,9778,47635
prob_mitterrand_raw,0.33999999999999986,0.33999999999999986,-0.6632942174102647,0.944106735408357,0.9401268141499761,0.8906618918504972,9750,47663
prob_mitterrand_raw,0.34499999999999986,0.34499999999999986,-0.6410908186038928,0.9443680002786825,0.9399385000850069,0.8910327584984432,9723,47690
prob_mitterrand_raw,0.34999999999999987,0.34999999999999987,-0.6190392084062241,0.9448556947032902,0.9401062358456715,0.8918226990996965,9691,47722
prob_mitterrand_raw,0.35499999999999987,0.35499999999999987,-0.5971325273203572,0.9452214655217459,0.9400909356692659,0.8923908662610213,9662,47751
prob_mitterrand_raw,0.3599999999999999,0.3599999999999999,-0.5753641449035624,0.9454304774180063,0.9399289962575381,0.8926882265163928,9640,47773
prob_mitterrand_raw,0.3649999999999998,0.3649999999999998,-0.5537276453102009,0.9455349833661366,0.9398198061522935,0.8928319681203216,9628,47785
prob_mitterrand_raw,0.36999999999999983,0.36999999999999983,-0.5322168137473089,0.945865918868549,0.9398409026776361,0.8933549389072575,9603,47810
prob_mitterrand_raw,0.37499999999999983,0.37499999999999983,-0.5108256237659914,0.9461794367129396,0.939851977154472,0.8938498571541614,9579,47834
prob_mitterrand_raw,0.37999999999999984,0.37999999999999984,-0.48954822531870645,0.9465974605054605,0.9399231839223481,0.8945216198268595,9549,47864
prob_mitterrand_raw,0.38499999999999984,0.38499999999999984,-0.4683789335187343,0.946910978349851,0.9399342583991841,0.8950190213882359,9525,47888
prob_mitterrand_raw,0.38999999999999985,0.38999999999999985,-0.4473122180436655,0.9473115844843503,0.9401647655148385,0.8956949816929491,9502,47911
prob_mitterrand_raw,0.39499999999999985,0.39499999999999985,-0.4263426931297202,0.947677355302806,0.9402059061371946,0.8962831856048447,9475,47938
prob_mitterrand_raw,0.3999999999999998,0.3999999999999998,-0.4054651081081652,0.9478689495410447,0.9399775038781983,0.8965472817926459,9452,47961
prob_mitterrand_raw,0.4049999999999998,0.4049999999999998,-0.38467433843909143,0.9482173027014787,0.9399521816532861,0.8970982414512247,9424,47989
prob_mitterrand_raw,0.4099999999999998,0.4099999999999998,-0.3639653772014124,0.9485134028878477,0.9400096748803768,0.897581681336665,9403,48010
prob_mitterrand_raw,0.4149999999999998,0.4149999999999998,-0.343333327001159,0.9488269207322383,0.9397385453634044,0.898035858680742,9369,48044
prob_mitterrand_raw,0.4199999999999998,0.4199999999999998,-0.3227733922630518,0.9491056032605856,0.9397860165419885,0.8984916636197366,9349,48064
prob_mitterrand_raw,0.4249999999999998,0.4249999999999998,-0.30228087187293434,0.949314615156846,0.9396240771302609,0.8987992759808676,9327,48086
prob_mitterrand_raw,0.4299999999999998,0.4299999999999998,-0.28185115214098844,0.9495758800271715,0.9396050854615765,0.8992168988926879,9306,48107
prob_mitterrand_raw,0.43499999999999983,0.43499999999999983,-0.26147970005775756,0.9499764861616707,0.9397227109797077,0.8998845104512154,9279,48134
prob_mitterrand_raw,0.43999999999999984,0.43999999999999984,-0.24116205681688874,0.950307421664083,0.9396873667062886,0.9004141909117189,9252,48161
prob_mitterrand_raw,0.4449999999999998,0.4449999999999998,-0.22089383158019515,0.9506906101405606,0.9397385293771514,0.901045155541493,9224,48189
prob_mitterrand_raw,0.4499999999999998,0.4499999999999998,-0.200670695462152,0.9508473690627558,0.9394900830211419,0.9012570380942316,9203,48210
prob_mitterrand_raw,0.4549999999999998,0.4549999999999998,-0.18048837571229448,0.951073798617038,0.9393946064566825,0.9016094169395044,9182,48231
prob_mitterrand_raw,0.4599999999999998,0.4599999999999998,-0.1603426500751802,0.9513698988034069,0.939508540482535,0.9021124718884277,9163,48250
prob_mitterrand_raw,0.4649999999999998,0.4649999999999998,-0.14022934130865103,0.9514918224095588,0.9393529316270353,0.9022849718998689,9148,48265
prob_mitterrand_raw,0.4699999999999998,0.4699999999999998,-0.12014431184206403,0.951892428544058,0.939526997943928,0.9029711248140402,9123,48290
prob_mitterrand_raw,0.4749999999999998,0.4749999999999998,-0.10008345855698329,0.9522059463884486,0.939538072420764,0.9034878718744492,9099,48314
prob_mitterrand_raw,0.47999999999999976,0.47999999999999976,-0.08004270767353738,0.9523801229686656,0.9393560889120227,0.9037433539085553,9079,48334
prob_mitterrand_raw,0.48499999999999976,0.48499999999999976,-0.06001800972625389,0.9525717172069044,0.9393534498480733,0.9040585883379668,9064,48349
prob_mitterrand_raw,0.48999999999999977,0.48999999999999977,-0.04000533461370009,0.9528678173932733,0.9392980614776408,0.904537937390343,9039,48374
prob_mitterrand_raw,0.4949999999999998,0.4949999999999998,-0.02000066670667043,0.9531290822635988,0.9392790698089566,0.9049668915793778,9018,48395
prob_mitterrand_raw,0.4999999999999998,0.4999999999999998,-8.881784197001252e-16,0.9534426001079895,0.9391772626882691,0.9054694314843976,8990,48423
prob_mitterrand_raw,0.5049999999999998,0.5049999999999998,0.020000666706668654,0.9535819413721631,0.9388059126862295,0.9056382077517557,8966,48447
prob_mitterrand_raw,0.5099999999999998,0.5099999999999998,0.04000533461369831,0.9536690296622716,0.9384609373374315,0.9057248092459093,8947,48466
prob_mitterrand_raw,0.5149999999999998,0.5149999999999998,0.06001800972625211,0.9539302945325971,0.9383855048699855,0.9061472892564206,8924,48489
prob_mitterrand_raw,0.5199999999999998,0.5199999999999998,0.0800427076735356,0.9542089770609444,0.9382636536522846,0.9065920028683803,8898,48515
prob_mitterrand_raw,0.5249999999999998,0.5249999999999998,0.10008345855698174,0.9543134830090746,0.9380415819495166,0.906729453127362,8882,48531
prob_mitterrand_raw,0.5299999999999998,0.5299999999999998,0.12014431184206247,0.95447024193127,0.9378495763922687,0.9069596643808431,8863,48550
prob_mitterrand_raw,0.5349999999999998,0.5349999999999998,0.14022934130864947,0.9545921655374219,0.9375810859392457,0.907119024321202,8844,48569
prob_mitterrand_raw,0.5399999999999998,0.5399999999999998,0.16034265007517862,0.9548360127497256,0.9376085130208165,0.9075330029421674,8826,48587
prob_mitterrand_raw,0.5449999999999997,0.5449999999999997,0.18048837571229248,0.9551146952780729,0.9375995434006389,0.9080002928230314,8804,48609
prob_mitterrand_raw,0.5499999999999997,0.5499999999999997,0.20067069546215,0.9553237071743333,0.9375504855864345,0.9083443801205827,8786,48627
prob_mitterrand_raw,0.5549999999999997,0.5549999999999997,0.22089383158019316,0.9556546426767457,0.9376280229105388,0.9089160929230278,8763,48650
prob_mitterrand_raw,0.5599999999999997,0.5599999999999997,0.2411620568168869,0.9558810722310278,0.9375889871448411,0.9092928179095936,8744,48669
prob_mitterrand_raw,0.5649999999999997,0.5649999999999997,0.2614797000577557,0.9560726664692666,0.9376427888796532,0.9096264173749737,8731,48682
prob_mitterrand_raw,0.5699999999999997,0.5699999999999997,0.2818511521409866,0.9562990960235487,0.9376601939127172,0.9100136472463936,8714,48699
prob_mitterrand_raw,0.5749999999999997,0.5749999999999997,0.3022808718729325,0.9565951962099176,0.9377176871398081,0.9105266734996821,8693,48720
prob_mitterrand_raw,0.5799999999999997,0.5799999999999997,0.32277339226304996,0.9568390434222215,0.9375757918250938,0.9109191398876239,8669,48744
prob_mitterrand_raw,0.5849999999999997,0.5849999999999997,0.34333332700115715,0.9569435493703516,0.9372972793235641,0.911052166586318,8651,48762
prob_mitterrand_raw,0.5899999999999997,0.5899999999999997,0.36396537720141064,0.9570480553184819,0.9371316484195578,0.9112037889906802,8637,48776
prob_mitterrand_raw,0.5949999999999998,0.5949999999999998,0.3846743384390896,0.9572048142406772,0.9370525244598331,0.9114591257384186,8622,48791
prob_mitterrand_raw,0.5999999999999998,0.5999999999999998,0.4054651081081634,0.9573789908208942,0.936701218554807,0.9117005167277568,8596,48817
prob_mitterrand_raw,0.6049999999999998,0.6049999999999998,0.4263426931297186,0.9575009144270461,0.9364891689005457,0.9118753304838979,8579,48834
prob_mitterrand_raw,0.6099999999999998,0.6099999999999998,0.44731221804366383,0.957570585059133,0.9363599346982876,0.9119740402685168,8569,48844
prob_mitterrand_raw,0.6149999999999998,0.6149999999999998,0.46837893351873267,0.9577273439813283,0.936280810738563,0.9122307678689062,8554,48859
prob_mitterrand_raw,0.6199999999999997,0.6199999999999997,0.48954822531870434,0.9579886088516538,0.9359231742773089,0.9126230107995867,8521,48892
prob_mitterrand_raw,0.6249999999999997,0.6249999999999997,0.5108256237659892,0.9582498737219793,0.9359041826086245,0.9130710746940636,8500,48913
prob_mitterrand_raw,0.6299999999999997,0.6299999999999997,0.5322168137473069,0.9584414679602181,0.9357886619471517,0.9133839253246534,8481,48932
prob_mitterrand_raw,0.6349999999999997,0.6349999999999997,0.5537276453101987,0.9586330621984568,0.9356167004869174,0.9136883066998202,8460,48953
prob_mitterrand_raw,0.6399999999999997,0.6399999999999997,0.5753641449035605,0.9588246564366956,0.9355576206242062,0.9140113794818236,8443,48970
prob_mitterrand_raw,0.6449999999999997,0.6449999999999997,0.5971325273203554,0.9589988330169126,0.9354320779142267,0.9142940844177363,8425,48988
prob_mitterrand_raw,0.6499999999999997,0.6499999999999997,0.6190392084062221,0.9590859213070211,0.9351435433641904,0.9143995820821522,8408,49005
prob_mitterrand_raw,0.6549999999999997,0.6549999999999997,0.6410908186038907,0.9591730095971296,0.9346292456191072,0.91446915509329,8383,49030
prob_mitterrand_raw,0.6599999999999997,0.6599999999999997,0.6632942174102627,0.9593123508613032,0.934370777214591,0.9146710080905184,8363,49050
prob_mitterrand_raw,0.6649999999999997,0.6649999999999997,0.6856565088307863,0.9594691097834985,0.9341223308585814,0.9149053076848219,8342,49071
prob_mitterrand_raw,0.6699999999999997,0.6699999999999997,0.7081850579244845,0.9595387804155853,0.9338237742600384,0.9149795696619103,8326,49087
prob_mitterrand_raw,0.6749999999999997,0.6749999999999997,0.7308875085427909,0.9598174629439326,0.9338148046398608,0.9154665828625593,8304,49109
prob_mitterrand_raw,0.6799999999999997,0.6799999999999997,0.7537718023763789,0.9599742218661279,0.9335099174850896,0.9156934048095922,8281,49132
prob_mitterrand_raw,0.6849999999999997,0.6849999999999997,0.776846199436591,0.9601658161043666,0.9333943968236168,0.9160120845573606,8262,49151
prob_mitterrand_raw,0.6899999999999997,0.6899999999999997,0.8001193001121119,0.9603399926845836,0.9331559725161139,0.9162812144349428,8240,49173
prob_mitterrand_raw,0.6949999999999997,0.6949999999999997,0.8236000689573791,0.9604967516067789,0.9328510853613428,0.9165096529932888,8217,49196
prob_mitterrand_raw,0.6999999999999997,0.6999999999999997,0.8472978603872023,0.9606012575549092,0.9325725728598131,0.9166503336630724,8199,49214
prob_mitterrand_raw,0.7049999999999996,0.7049999999999996,0.8712224464724471,0.9607405988190828,0.9323141044552967,0.91685610605637,8179,49234
prob_mitterrand_raw,0.7099999999999996,0.7099999999999996,0.8953840470548396,0.9610366990054517,0.9324280384811493,0.9173990530717149,8160,49253
prob_mitterrand_raw,0.7149999999999996,0.7149999999999996,0.9197933624253553,0.9612457109017122,0.9321532174718983,0.917727296139149,8134,49279
prob_mitterrand_raw,0.7199999999999996,0.7199999999999996,0.9444616088408495,0.9614024698239074,0.9317918895183653,0.9179497239046613,8109,49304
prob_mitterrand_raw,0.7249999999999996,0.7249999999999996,0.9694005571881018,0.9614721404559943,0.9314933329198223,0.9180271351669996,8093,49320
prob_mitterrand_raw,0.7299999999999996,0.7299999999999996,0.9946225751440603,0.9615766464041245,0.9311583796195309,0.9181611475816984,8073,49340
prob_mitterrand_raw,0.7349999999999997,0.7349999999999997,1.0201406732266127,0.961785658300385,0.9310528810065648,0.9185182383541688,8053,49360
prob_mitterrand_raw,0.7399999999999997,0.7399999999999997,1.0459685551826858,0.9618727465904935,0.9307643464565284,0.9186290428825293,8036,49377
prob_mitterrand_raw,0.7449999999999997,0.7449999999999997,1.0721206732211317,0.9619946701966453,0.9303265336072204,0.9187791692127605,8011,49402
prob_mitterrand_raw,0.7499999999999997,0.7499999999999997,1.098612288668108,0.9620643408287322,0.9298586546123924,0.9188310653268112,7989,49424
prob_mitterrand_raw,0.7549999999999997,0.7549999999999997,1.1254595387042958,0.9622559350669709,0.9294044891583496,0.9191045440393443,7958,49455
prob_mitterrand_raw,0.7599999999999997,0.7599999999999997,1.1526795099383838,0.9623256056990577,0.9289930509622832,0.9191656886047566,7938,49475
prob_mitterrand_raw,0.7649999999999997,0.7649999999999997,1.180290319682375,0.9624475293052096,0.9286116789117369,0.9193259222670233,7915,49498
prob_mitterrand_raw,0.7699999999999997,0.7699999999999997,1.2083112059245324,0.9625694529113615,0.9283996292574757,0.9195129723625888,7898,49515
prob_mitterrand_raw,0.7749999999999997,0.7749999999999997,1.2367626271489252,0.9628133001236654,0.9282577339427613,0.9199320077112939,7874,49539
prob_mitterrand_raw,0.7799999999999996,0.7799999999999996,1.2656663733312734,0.9629178060717956,0.9278098990449466,0.9200516717814429,7850,49563
prob_mitterrand_raw,0.7849999999999996,0.7849999999999996,1.295045689654743,0.9631094003100343,0.9275814967859505,0.9203639880792944,7827,49586
prob_mitterrand_raw,0.7899999999999996,0.7899999999999996,1.324925414743596,0.9632835768902513,0.9271737500821626,0.9206174858075326,7799,49614
prob_mitterrand_raw,0.7949999999999996,0.7949999999999996,1.3553321355159214,0.9633184122062948,0.9269115901853677,0.920640210834679,7787,49626
prob_mitterrand_raw,0.7999999999999996,0.7999999999999996,1.3862943611198881,0.9635100064445334,0.9267396287251333,0.9209629649309267,7766,49647
prob_mitterrand_raw,0.8049999999999996,0.8049999999999996,1.4178427188548142,0.9637364359988156,0.926474829764389,0.9213357909203825,7739,49674
prob_mitterrand_raw,0.8099999999999996,0.8099999999999996,1.4500101755059958,0.9638583596049675,0.9260934577138427,0.9215000784132885,7716,49697
prob_mitterrand_raw,0.8149999999999996,0.8149999999999996,1.4828322881625353,0.9640673715012279,0.9258750775033533,0.9218497787481044,7692,49721
prob_mitterrand_raw,0.8199999999999996,0.8199999999999996,1.516347489368086,0.9643112187135318,0.925563859792354,0.9222501919857384,7662,49751
prob_mitterrand_raw,0.8249999999999996,0.8249999999999996,1.5505974124111643,0.9642241304234233,0.9246671375683955,0.9219515199235102,7637,49776
prob_mitterrand_raw,0.8299999999999996,0.8299999999999996,1.5856272637403792,0.9643112187135318,0.9240963990245508,0.9220237219256311,7610,49803
prob_mitterrand_raw,0.8349999999999996,0.8349999999999996,1.6214862509502723,0.9645202306097922,0.9235958148202531,0.9223323205034026,7576,49837
prob_mitterrand_raw,0.8399999999999996,0.8399999999999996,1.6582280766035298,0.964589901241879,0.92329725822171,0.9224150540800884,7560,49853
prob_mitterrand_raw,0.8449999999999996,0.8449999999999996,1.6959115104379245,0.9646247365579225,0.9226964535323452,0.9223865269668207,7536,49877
prob_mitterrand_raw,0.8499999999999996,0.8499999999999996,1.7346010553881037,0.9646421542159441,0.9219727451969503,0.9223064294244974,7509,49904
prob_mitterrand_raw,0.8549999999999996,0.8549999999999996,1.774367726516183,0.964711824848031,0.9215048662021221,0.9223629853347215,7487,49926
prob_mitterrand_raw,0.8599999999999997,0.8599999999999997,1.8152899666382463,0.9646595718739658,0.9204588656788921,0.9221024608479496,7454,49959
prob_mitterrand_raw,0.8649999999999995,0.8649999999999995,1.857454728493446,0.9647640778220961,0.9197288267872691,0.9221825941357076,7420,49993
prob_mitterrand_raw,0.8699999999999996,0.8699999999999996,1.900958761193043,0.9648163307961611,0.9189122809513643,0.9221517369023245,7387,50026
prob_mitterrand_raw,0.8749999999999996,0.8749999999999996,1.9459101490553092,0.9649905073763781,0.9182787710525299,0.9223776061158004,7351,50062
prob_mitterrand_raw,0.8799999999999996,0.8799999999999996,1.992430164690202,0.9649208367442914,0.9171663076820313,0.9220714471454575,7317,50096
prob_mitterrand_raw,0.8849999999999996,0.8849999999999996,2.040655516644675,0.9647989131381395,0.9160237781660128,0.92166118511153,7286,50127
prob_mitterrand_raw,0.8899999999999996,0.8899999999999996,2.090741096933765,0.9649730897183565,0.9153338274684166,0.9218779525705382,7248,50165
prob_mitterrand_raw,0.8949999999999996,0.8949999999999996,2.1428633681173275,0.964886001428248,0.9140420196531265,0.9215069846291268,7209,50204
prob_mitterrand_raw,0.8999999999999996,0.8999999999999996,2.1972245773362147,0.9649034190862696,0.9126410217325918,0.9213134722107478,7158,50255
prob_mitterrand_raw,0.9049999999999996,0.9049999999999996,2.2540580520993805,0.9648511661122046,0.9111434948192683,0.9209710894598759,7109,50304
prob_mitterrand_raw,0.9099999999999996,0.9099999999999996,2.3136349291806257,0.964711824848031,0.9091443312733181,0.9203787833199584,7049,50364
prob_mitterrand_raw,0.9149999999999996,0.9149999999999996,2.3762728087852,0.9647292425060526,0.90763045175526,0.9201603746222067,6994,50419
prob_mitterrand_raw,0.9199999999999996,0.9199999999999996,2.442347035369199,0.9646073188999007,0.9059235142516248,0.9196427934783873,6943,50470
prob_mitterrand_raw,0.9249999999999996,0.9249999999999996,2.512305623976109,0.964589901241879,0.9045589130328382,0.9193789432913444,6896,50517
prob_mitterrand_raw,0.9299999999999996,0.9299999999999996,2.5866893440979366,0.9642763833974883,0.9019515618129659,0.9183350460131462,6828,50585
prob_mitterrand_raw,0.9349999999999996,0.9349999999999996,2.6661592593930434,0.9639802832111194,0.8994671142391235,0.9173369836760814,6763,50650
prob_mitterrand_raw,0.9399999999999995,0.9399999999999995,2.75153531304194,0.9639106125790327,0.8972258348933918,0.9168070781120219,6689,50724
prob_mitterrand_raw,0.9449999999999995,0.9449999999999995,2.8438517422612626,0.9636493477087071,0.894422786623993,0.9158025283146248,6610,50803
prob_mitterrand_raw,0.9499999999999995,0.9499999999999995,2.94443897916643,0.963597094734642,0.8921350885280064,0.915284374911926,6533,50880
prob_mitterrand_single_negative_span,0.05,0.05,-2.9444389791664403,0.9415115043631234,0.9381255617336207,0.8862936243543096,9881,47532
prob_mitterrand_single_negative_span,0.055,0.055,-2.843851742261272,0.9420688694198178,0.9383898264870739,0.8871961077845727,9847,47566
prob_mitterrand_single_negative_span,0.06,0.06,-2.751535313041949,0.9426436521345339,0.9386076724902721,0.8881193966242025,9810,47603
prob_mitterrand_single_negative_span,0.065,0.065,-2.66615925939305,0.9430442582690332,0.93861241641088,0.8887371501002672,9779,47634
prob_mitterrand_single_negative_span,0.06999999999999999,0.06999999999999999,-2.586689344097943,0.9435319526936408,0.9387801521715446,0.8895217138123841,9747,47666
prob_mitterrand_single_negative_span,0.07499999999999998,0.07499999999999998,-2.5123056239761152,0.943810635221988,0.9387147417526054,0.8899410391095736,9723,47690
prob_mitterrand_single_negative_span,0.07999999999999999,0.07999999999999999,-2.4423470353692047,0.9441938236984655,0.9388787860209915,0.8905661831444956,9699,47714
prob_mitterrand_single_negative_span,0.08499999999999999,0.08499999999999999,-2.3762728087852047,0.9443505826206608,0.9389125436587903,0.8908161410133693,9688,47725
prob_mitterrand_single_negative_span,0.08999999999999998,0.08999999999999998,-2.3136349291806306,0.9446989357810949,0.9389436622326396,0.891364388037756,9662,47751
prob_mitterrand_single_negative_span,0.09499999999999997,0.09499999999999997,-2.254058052099386,0.945099541915594,0.939174169348294,0.8920322516767591,9639,47774
prob_mitterrand_single_negative_span,0.09999999999999998,0.09999999999999998,-2.1972245773362196,0.9453433891278978,0.9390322740335797,0.8923877224294161,9615,47798
prob_mitterrand_single_negative_span,0.10499999999999998,0.10499999999999998,-2.1428633681173324,0.9455175657081148,0.9390196129211235,0.8926583388486529,9601,47812
prob_mitterrand_single_negative_span,0.10999999999999997,0.10999999999999997,-2.0907410969337694,0.9457614129204187,0.9391599216002176,0.893066653469869,9587,47826
prob_mitterrand_single_negative_span,0.11499999999999996,0.11499999999999996,-2.0406555166446796,0.9460052601327226,0.9392437894805499,0.8934652113754148,9571,47842
prob_mitterrand_single_negative_span,0.11999999999999997,0.11999999999999997,-1.9924301646902065,0.9462316896870047,0.9393176353123756,0.8938350903577611,9556,47857
prob_mitterrand_single_negative_span,0.12499999999999997,0.12499999999999997,-1.9459101490553135,0.946562625189417,0.9395080542340031,0.894391536947122,9537,47876
prob_mitterrand_single_negative_span,0.12999999999999995,0.12999999999999995,-1.9009587611930474,0.9467542194276558,0.9393925335725304,0.8946733278075574,9518,47895
prob_mitterrand_single_negative_span,0.13499999999999995,0.13499999999999995,-1.8574547284934502,0.9470677372720464,0.9395164896468895,0.8951919087876425,9498,47915
prob_mitterrand_single_negative_span,0.13999999999999996,0.13999999999999996,-1.8152899666382496,0.9472767491683068,0.9395238726314468,0.8955246277726563,9482,47931
prob_mitterrand_single_negative_span,0.14499999999999996,0.14499999999999996,-1.7743677265161861,0.9475728493546758,0.9395813658585376,0.8960052456264309,9461,47952
prob_mitterrand_single_negative_span,0.14999999999999997,0.14999999999999997,-1.7346010553881066,0.9476947729608277,0.9395386386005613,0.8961915236524818,9450,47963
prob_mitterrand_single_negative_span,0.15499999999999994,0.15499999999999994,-1.6959115104379276,0.947851531883023,0.9396288370371217,0.8964572522810743,9441,47972
prob_mitterrand_single_negative_span,0.15999999999999995,0.15999999999999995,-1.6582280766035329,0.9479908731471967,0.9395396910288905,0.8966634092791661,9427,47986
prob_mitterrand_single_negative_span,0.16499999999999995,0.16499999999999995,-1.6214862509502752,0.9480605437792834,0.9395797792229172,0.8967816964302724,9423,47990
prob_mitterrand_single_negative_span,0.16999999999999993,0.16999999999999993,-1.5856272637403823,0.9483043909915873,0.939607206304488,0.8971759590756492,9405,48008
prob_mitterrand_single_negative_span,0.17499999999999993,0.17499999999999993,-1.5505974124111674,0.9484437322557608,0.9395745010950183,0.8973929445582937,9393,48020
prob_mitterrand_single_negative_span,0.17999999999999994,0.17999999999999994,-1.5163474893680888,0.948670161810043,0.9395919061280824,0.8977585687414669,9376,48037
prob_mitterrand_single_negative_span,0.18499999999999994,0.18499999999999994,-1.4828322881625382,0.948792085416195,0.9396056196688677,0.8979564499003663,9367,48046
prob_mitterrand_single_negative_span,0.18999999999999995,0.18999999999999995,-1.4500101755059986,0.9489314266803686,0.9395729144593981,0.8981742420471148,9355,48058
prob_mitterrand_single_negative_span,0.19499999999999992,0.19499999999999992,-1.417842718854817,0.9490707679445421,0.9395966500486901,0.8984022460483239,9345,48068
prob_mitterrand_single_negative_span,0.19999999999999993,0.19999999999999993,-1.386294361119891,0.9491752738926724,0.9396003415409688,0.8985708976574025,9337,48076
prob_mitterrand_single_negative_span,0.20499999999999993,0.20499999999999993,-1.3553321355159242,0.9492971974988244,0.9394447326854691,0.898739617586704,9322,48091
prob_mitterrand_single_negative_span,0.2099999999999999,0.2099999999999999,-1.324925414743599,0.9494365387629979,0.9394120274759996,0.8989582872042765,9310,48103
prob_mitterrand_single_negative_span,0.2149999999999999,0.2149999999999999,-1.2950456896547462,0.9496455506592584,0.9394758512593184,0.8993065859297362,9296,48117
prob_mitterrand_single_negative_span,0.21999999999999992,0.21999999999999992,-1.2656663733312763,0.9498023095814537,0.9395096088971172,0.899565634327876,9285,48128
prob_mitterrand_single_negative_span,0.22499999999999992,0.22499999999999992,-1.2367626271489274,0.9498893978715622,0.9395032783408891,0.8997052685727938,9278,48135
prob_mitterrand_single_negative_span,0.22999999999999993,0.22999999999999993,-1.2083112059245347,0.9500287391357358,0.9394705731314195,0.8999249198268047,9266,48147
prob_mitterrand_single_negative_span,0.2349999999999999,0.2349999999999999,-1.1802903196823775,0.9502377510319963,0.9394779561159767,0.9002647114955684,9250,48163
prob_mitterrand_single_negative_span,0.2399999999999999,0.2399999999999999,-1.152679509938386,0.9502900040060613,0.9393386998652119,0.9003250995220322,9241,48172
prob_mitterrand_single_negative_span,0.2449999999999999,0.2449999999999999,-1.1254595387042983,0.9504293452702349,0.9394188762532656,0.9005651530981458,9233,48180
prob_mitterrand_single_negative_span,0.2499999999999999,0.2499999999999999,-1.0986122886681102,0.9504990159023218,0.9393460828497692,0.9006655798826505,9225,48188
prob_mitterrand_single_negative_span,0.2549999999999999,0.2549999999999999,-1.072120673221134,0.9506383571664954,0.9392004960427762,0.900866649099223,9209,48204
prob_mitterrand_single_negative_span,0.2599999999999999,0.2599999999999999,-1.0459685551826883,0.9506906101405606,0.9391741213895347,0.9009470366454365,9204,48209
prob_mitterrand_single_negative_span,0.2649999999999999,0.2649999999999999,-1.020140673226615,0.9508125337467124,0.9390749533327967,0.9011282078271485,9191,48222
prob_mitterrand_single_negative_span,0.2699999999999999,0.2699999999999999,-0.9946225751440626,0.9509170396948426,0.939135085623837,0.9013088804364943,9185,48228
prob_mitterrand_single_negative_span,0.2749999999999999,0.2749999999999999,-0.9694005571881039,0.9510041279849512,0.9391851958663706,0.9014595198965953,9180,48233
prob_mitterrand_single_negative_span,0.2799999999999999,0.2799999999999999,-0.9444616088408518,0.9511260515911031,0.939198909407156,0.901660759906519,9171,48242
prob_mitterrand_single_negative_span,0.28499999999999986,0.28499999999999986,-0.9197933624253577,0.9513002281713201,0.9390733666971764,0.9019234416704232,9153,48260
prob_mitterrand_single_negative_span,0.28999999999999987,0.28999999999999987,-0.8953840470548421,0.9513873164614286,0.9390670361409483,0.9020647008865563,9146,48267
prob_mitterrand_single_negative_span,0.2949999999999999,0.2949999999999999,-0.8712224464724494,0.9515092400675805,0.9390807496817337,0.902266516288075,9137,48276
prob_mitterrand_single_negative_span,0.2999999999999999,0.2999999999999999,-0.8472978603872043,0.951718251963841,0.9392010142638143,0.902629540697633,9125,48288
prob_mitterrand_single_negative_span,0.3049999999999999,0.3049999999999999,-0.823600068957381,0.9518575932280146,0.939111868255583,0.9028426912773151,9111,48302
prob_mitterrand_single_negative_span,0.3099999999999999,0.3099999999999999,-0.8001193001121136,0.9519969344921881,0.9390791630461134,0.9030658071741917,9099,48314
prob_mitterrand_single_negative_span,0.3149999999999999,0.3149999999999999,-0.7768461994365927,0.9520840227822966,0.9390163916911236,0.9031981206808171,9090,48323
prob_mitterrand_single_negative_span,0.31999999999999984,0.31999999999999984,-0.7537718023763809,0.9521885287304269,0.9390765239821639,0.9033802530688838,9084,48329
prob_mitterrand_single_negative_span,0.32499999999999984,0.32499999999999984,-0.730887508542793,0.9522930346785571,0.9391366562732042,0.9035624905778551,9078,48335
prob_mitterrand_single_negative_span,0.32999999999999985,0.32999999999999985,-0.7081850579244865,0.9523452876526223,0.9391667224187243,0.9036536487898248,9075,48338
prob_mitterrand_single_negative_span,0.33499999999999985,0.33499999999999985,-0.6856565088307884,0.952414958284709,0.9390374882164663,0.9037463079936285,9065,48348
prob_mitterrand_single_negative_span,0.33999999999999986,0.33999999999999986,-0.6632942174102647,0.9525542995488827,0.93911766460452,0.9039896749173506,9057,48356
prob_mitterrand_single_negative_span,0.34499999999999986,0.34499999999999986,-0.6410908186038928,0.9527807291031648,0.9392479512351073,0.9043855467308709,9044,48369
prob_mitterrand_single_negative_span,0.34999999999999987,0.34999999999999987,-0.6190392084062241,0.9528155644192082,0.9391551137345974,0.9044273055697623,9038,48375
prob_mitterrand_single_negative_span,0.35499999999999987,0.35499999999999987,-0.5971325273203572,0.9529200703673384,0.9392152460256377,0.9046102466523878,9032,48381
prob_mitterrand_single_negative_span,0.3599999999999999,0.3599999999999999,-0.5753641449035624,0.9529723233414035,0.9390759897748728,0.9046730194741799,9023,48390
prob_mitterrand_single_negative_span,0.3649999999999998,0.3649999999999998,-0.5537276453102009,0.9530768292895337,0.9391361220659131,0.9048561620664279,9017,48396
prob_mitterrand_single_negative_span,0.36999999999999983,0.36999999999999983,-0.5322168137473089,0.9532161705537073,0.9391034168564435,0.9050814132921806,9005,48408
prob_mitterrand_single_negative_span,0.37499999999999983,0.37499999999999983,-0.5108256237659914,0.9533206765018376,0.9391635491474838,0.9052648325354704,8999,48414
prob_mitterrand_single_negative_span,0.37999999999999984,0.37999999999999984,-0.48954822531870645,0.9534426001079895,0.9391208218895075,0.9054599041145094,8988,48425
prob_mitterrand_single_negative_span,0.38499999999999984,0.38499999999999984,-0.4683789335187343,0.9534774354240328,0.9390844251877593,0.905511593547804,8984,48429
prob_mitterrand_single_negative_span,0.38999999999999985,0.38999999999999985,-0.4473122180436655,0.9535645237141414,0.9391345354302928,0.905664693505178,8979,48434
prob_mitterrand_single_negative_span,0.39499999999999985,0.39499999999999985,-0.4263426931297202,0.9536516120042499,0.9390153232765415,0.9057893497406735,8968,48445
prob_mitterrand_single_negative_span,0.3999999999999998,0.3999999999999998,-0.4054651081081652,0.9536690296622716,0.9389124637275248,0.9058009814799998,8963,48450
prob_mitterrand_single_negative_span,0.4049999999999998,0.4049999999999998,-0.38467433843909143,0.9537387002943584,0.9388961111227899,0.9059141303963676,8957,48456
prob_mitterrand_single_negative_span,0.4099999999999998,0.4099999999999998,-0.3639653772014124,0.9538780415585321,0.9389198467120821,0.9061501108583337,8947,48466
prob_mitterrand_single_negative_span,0.4149999999999998,0.4149999999999998,-0.343333327001159,0.9539651298486406,0.9389699569546156,0.9063036369867694,8942,48471
prob_mitterrand_single_negative_span,0.4199999999999998,0.4199999999999998,-0.3227733922630518,0.9540173828227057,0.9388871415026123,0.9063768459183144,8935,48478
prob_mitterrand_single_negative_span,0.4249999999999998,0.4249999999999998,-0.30228087187293434,0.954174141744901,0.9389208991404112,0.9066440521866324,8924,48489
prob_mitterrand_single_negative_span,0.4299999999999998,0.4299999999999998,-0.28185115214098844,0.9542263947189661,0.9387816428896463,0.9067079808073242,8915,48498
prob_mitterrand_single_negative_span,0.43499999999999983,0.43499999999999983,-0.26147970005775756,0.9542612300350095,0.938745246187898,0.906760080208284,8911,48502
prob_mitterrand_single_negative_span,0.43999999999999984,0.43999999999999984,-0.24116205681688874,0.9543134830090746,0.9387188715346566,0.9068429893020904,8906,48507
prob_mitterrand_single_negative_span,0.4449999999999998,0.4449999999999998,-0.22089383158019515,0.9544354066152265,0.9386761442766802,0.9070397413384611,8895,48518
prob_mitterrand_single_negative_span,0.4499999999999998,0.4499999999999998,-0.200670695462152,0.954522494905335,0.9385569321229288,0.9071655889920118,8884,48529
prob_mitterrand_single_negative_span,0.4549999999999998,0.4549999999999998,-0.18048837571229448,0.9546618361695086,0.9384677861146975,0.9073841646269836,8870,48543
prob_mitterrand_single_negative_span,0.4599999999999998,0.4599999999999998,-0.1603426500751802,0.954696671485552,0.938487830211711,0.9074459138857263,8868,48545
prob_mitterrand_single_negative_span,0.4649999999999998,0.4649999999999998,-0.14022934130865103,0.9547489244596171,0.9385178963572312,0.9075385604667979,8865,48548
prob_mitterrand_single_negative_span,0.4699999999999998,0.4699999999999998,-0.12014431184206403,0.9548882657237908,0.9384851911477615,0.9077669745738974,8853,48560
prob_mitterrand_single_negative_span,0.4749999999999998,0.4749999999999998,-0.10008345855698329,0.9551146952780729,0.9386154777783489,0.908169137160618,8840,48573
prob_mitterrand_single_negative_span,0.47999999999999976,0.47999999999999976,-0.08004270767353738,0.9552192012262031,0.9385062876731041,0.9083268806550212,8828,48585
prob_mitterrand_single_negative_span,0.48499999999999976,0.48499999999999976,-0.06001800972625389,0.9553237071743333,0.9383970975678595,0.9084848009518602,8816,48597
prob_mitterrand_single_negative_span,0.48999999999999977,0.48999999999999977,-0.04000533461370009,0.9554282131224635,0.9383443482613765,0.9086522332177522,8806,48607
prob_mitterrand_single_negative_span,0.4949999999999998,0.4949999999999998,-0.02000066670667043,0.9554456307804853,0.9382414887123598,0.9086645976825967,8801,48612
prob_mitterrand_single_negative_span,0.4999999999999998,0.4999999999999998,-8.881784197001252e-16,0.9555675543866372,0.9382552022531452,0.9088726180327373,8792,48621
prob_mitterrand_single_negative_span,0.5049999999999998,0.5049999999999998,0.020000666706668654,0.9556720603347674,0.9382588937454237,0.909049736600899,8784,48629
prob_mitterrand_single_negative_span,0.5099999999999998,0.5099999999999998,0.04000533461369831,0.9557591486248759,0.9383090039879574,0.9092051881700783,8779,48634
prob_mitterrand_single_negative_span,0.5149999999999998,0.5149999999999998,0.06001800972625211,0.9558636545730061,0.9383691362789977,0.909391831399232,8773,48640
prob_mitterrand_single_negative_span,0.5199999999999998,0.5199999999999998,0.0800427076735356,0.9560029958371797,0.9383928718682897,0.9096315988702152,8763,48650
prob_mitterrand_single_negative_span,0.5249999999999998,0.5249999999999998,0.10008345855698174,0.9561249194433317,0.9384065854090751,0.9098404318368066,8754,48659
prob_mitterrand_single_negative_span,0.5299999999999998,0.5299999999999998,0.12014431184206247,0.9561597547593751,0.9384266295060885,0.9099027732114842,8752,48661
prob_mitterrand_single_negative_span,0.5349999999999998,0.5349999999999998,0.14022934130864947,0.9563339313395921,0.938470409192394,0.910205445774815,8740,48673
prob_mitterrand_single_negative_span,0.5399999999999998,0.5399999999999998,0.16034265007517862,0.9564384372877223,0.9385305414834342,0.9103927444706001,8734,48679
prob_mitterrand_single_negative_span,0.5449999999999997,0.5449999999999997,0.18048837571229248,0.9566126138679393,0.9385743211697397,0.9106959750237839,8722,48691
prob_mitterrand_single_negative_span,0.5499999999999997,0.5499999999999997,0.20067069546215,0.9566648668420045,0.9385479465164982,0.9107805902555735,8717,48696
prob_mitterrand_single_negative_span,0.5549999999999997,0.5549999999999997,0.22089383158019316,0.9567693727901346,0.9385516380087768,0.9109591089755976,8709,48704
prob_mitterrand_single_negative_span,0.5599999999999997,0.5599999999999997,0.2411620568168869,0.9568564610802431,0.9384888666537872,0.9110973000703699,8700,48713
prob_mitterrand_single_negative_span,0.5649999999999997,0.5649999999999997,0.2614797000577557,0.9569958023444167,0.9385126022430792,0.9113387649381183,8690,48723
prob_mitterrand_single_negative_span,0.5699999999999997,0.5699999999999997,0.2818511521409866,0.9570480553184819,0.938429786791076,0.9114145327699221,8683,48730
prob_mitterrand_single_negative_span,0.5749999999999997,0.5749999999999997,0.3022808718729325,0.957100308292547,0.9384034121378344,0.9114994816777728,8678,48735
prob_mitterrand_single_negative_span,0.5799999999999997,0.5799999999999997,0.32277339226304996,0.9571351436085904,0.9382541338385628,0.9115348342127754,8670,48743
prob_mitterrand_single_negative_span,0.5849999999999997,0.5849999999999997,0.34333332700115715,0.9571873965826555,0.9380584367890363,0.9115924718818873,8659,48754
prob_mitterrand_single_negative_span,0.5899999999999997,0.5899999999999997,0.36396537720141064,0.9572222318986989,0.9379091584897647,0.9116278807184455,8651,48762
prob_mitterrand_single_negative_span,0.5949999999999998,0.5949999999999998,0.3846743384390896,0.9572919025307857,0.9378363650862684,0.9117353058009368,8643,48770
prob_mitterrand_single_negative_span,0.5999999999999998,0.5999999999999998,0.4054651081081634,0.9573615731628725,0.9378200124815335,0.9118519365162957,8637,48776
prob_mitterrand_single_negative_span,0.6049999999999998,0.6049999999999998,0.4263426931297186,0.9573789908208942,0.9376607121337552,0.9118560143221266,8630,48783
prob_mitterrand_single_negative_span,0.6099999999999998,0.6099999999999998,0.44731221804366383,0.957448661452981,0.9375879187302588,0.9119636321444674,8622,48791
prob_mitterrand_single_negative_span,0.6149999999999998,0.6149999999999998,0.46837893351873267,0.9575357497430895,0.9375815881740307,0.9121119390028354,8615,48798
prob_mitterrand_single_negative_span,0.6199999999999997,0.6199999999999997,0.48954822531870434,0.9576402556912198,0.9375852796663093,0.9122918618236233,8607,48806
prob_mitterrand_single_negative_span,0.6249999999999997,0.6249999999999997,0.5108256237659892,0.9577795969553934,0.9376090152556014,0.9125350069602894,8597,48816
prob_mitterrand_single_negative_span,0.6299999999999997,0.6299999999999997,0.5322168137473069,0.957918938219567,0.9376327508448934,0.912778393630705,8587,48826
prob_mitterrand_single_negative_span,0.6349999999999997,0.6349999999999997,0.5537276453101987,0.9580756971417623,0.9377229492814538,0.9130626619137497,8578,48835
prob_mitterrand_single_negative_span,0.6399999999999997,0.6399999999999997,0.5753641449035605,0.9580408618257189,0.9373078195931088,0.91293611122197,8566,48847
prob_mitterrand_single_negative_span,0.6449999999999997,0.6449999999999997,0.5971325273203554,0.9581279501158274,0.937245048238119,0.913076111251008,8557,48856
prob_mitterrand_single_negative_span,0.6499999999999997,0.6499999999999997,0.6190392084062221,0.9581802030898925,0.937162232786116,0.9131529325797529,8550,48863
prob_mitterrand_single_negative_span,0.6549999999999997,0.6549999999999997,0.6410908186038907,0.9582324560639577,0.9371358581328744,0.9132388479503434,8545,48868
prob_mitterrand_single_negative_span,0.6599999999999997,0.6599999999999997,0.6632942174102627,0.958267291380001,0.9370430206323646,0.9132840947859788,8539,48874
prob_mitterrand_single_negative_span,0.6649999999999997,0.6649999999999997,0.6856565088307863,0.9583195443540662,0.9369037643815996,0.9133520107579971,8530,48883
prob_mitterrand_single_negative_span,0.6699999999999997,0.6699999999999997,0.7081850579244845,0.9583195443540662,0.9366215603877913,0.9133067779323663,8520,48893
prob_mitterrand_single_negative_span,0.6749999999999997,0.6749999999999997,0.7308875085427909,0.9583543796701095,0.9364722820885197,0.9133430357304186,8512,48901
prob_mitterrand_single_negative_span,0.6799999999999997,0.6799999999999997,0.7537718023763789,0.9584240503021964,0.936455929483785,0.9134608802374062,8506,48907
prob_mitterrand_single_negative_span,0.6849999999999997,0.6849999999999997,0.776846199436591,0.9585459739083483,0.9364696430245703,0.9136740496762303,8497,48916
prob_mitterrand_single_negative_span,0.6899999999999997,0.6899999999999997,0.8001193001121119,0.9586504798564784,0.936473334516849,0.9138556310568802,8489,48924
prob_mitterrand_single_negative_span,0.6949999999999997,0.6949999999999997,0.8236000689573791,0.9587375681465871,0.9364670039606209,0.9140055588408265,8482,48931
prob_mitterrand_single_negative_span,0.6999999999999997,0.6999999999999997,0.8472978603872023,0.9588420740947172,0.9364142546541379,0.9141784155749135,8472,48941
prob_mitterrand_single_negative_span,0.7049999999999996,0.7049999999999996,0.8712224464724471,0.9588594917527389,0.9362549543063595,0.9141832534885999,8465,48948
prob_mitterrand_single_negative_span,0.7099999999999996,0.7099999999999996,0.8953840470548396,0.9588769094107606,0.936152094757343,0.9141970914182211,8460,48953
prob_mitterrand_single_negative_span,0.7149999999999996,0.7149999999999996,0.9197933624253553,0.9589639977008692,0.9361457642011148,0.914347350565555,8453,48960
prob_mitterrand_single_negative_span,0.7199999999999996,0.7199999999999996,0.9444616088408495,0.9591730095971296,0.9362660287831954,0.9147299069727708,8441,48972
prob_mitterrand_single_negative_span,0.7249999999999996,0.7249999999999996,0.9694005571881018,0.9592949332032815,0.936223301525219,0.9149353976539952,8430,48983
prob_mitterrand_single_negative_span,0.7299999999999996,0.7299999999999996,0.9946225751440603,0.9593646038353683,0.9362069489204843,0.915054198272486,8424,48989
prob_mitterrand_single_negative_span,0.7349999999999997,0.7349999999999997,1.0201406732266127,0.9594342744674551,0.9361341555169879,0.9151641419161527,8416,48997
prob_mitterrand_single_negative_span,0.7399999999999997,0.7399999999999997,1.0459685551826858,0.9595387804155853,0.9361378470092665,0.9153470537151296,8408,49005
prob_mitterrand_single_negative_span,0.7449999999999997,0.7449999999999997,1.0721206732211317,0.9596955393377806,0.9360587230495419,0.9156083529623436,8393,49020
prob_mitterrand_single_negative_span,0.7499999999999997,0.7499999999999997,1.098612288668108,0.9597826276278891,0.9358830700970289,0.9157329411667958,8380,49033
prob_mitterrand_single_negative_span,0.7549999999999997,0.7549999999999997,1.1254595387042958,0.9598871335760194,0.9358867615893074,0.9159164097101443,8372,49041
prob_mitterrand_single_negative_span,0.7599999999999997,0.7599999999999997,1.1526795099383838,0.9600438924982146,0.9359769600258678,0.9162051766094388,8363,49050
prob_mitterrand_single_negative_span,0.7649999999999997,0.7649999999999997,1.180290319682375,0.9601309807883232,0.9358577478721164,0.9163391810008246,8352,49061
prob_mitterrand_single_negative_span,0.7699999999999997,0.7699999999999997,1.2083112059245324,0.96020065142041,0.9356720728710968,0.9164323347875076,8340,49073
prob_mitterrand_single_negative_span,0.7749999999999997,0.7749999999999997,1.2367626271489252,0.9602703220524968,0.9354299570713153,0.9165167448983287,8326,49087
prob_mitterrand_single_negative_span,0.7799999999999996,0.7799999999999996,1.2656663733312734,0.9603574103426054,0.9351414225212789,0.9166246165581893,8309,49104
prob_mitterrand_single_negative_span,0.7849999999999996,0.7849999999999996,1.295045689654743,0.9604270809746921,0.9348993067214975,0.9167092622668177,8295,49118
prob_mitterrand_single_negative_span,0.7899999999999996,0.7899999999999996,1.324925414743596,0.9604967516067789,0.9348265133180009,0.9168205502677658,8287,49126
prob_mitterrand_single_negative_span,0.7949999999999996,0.7949999999999996,1.3553321355159214,0.9604793339487573,0.9345342872756859,0.916744043935363,8278,49135
prob_mitterrand_single_negative_span,0.7999999999999996,0.7999999999999996,1.3862943611198881,0.9606360928709525,0.934511604114723,0.9170168912447243,8265,49148
prob_mitterrand_single_negative_span,0.8049999999999996,0.8049999999999996,1.4178427188548142,0.9606535105289743,0.9341829813706597,0.9169961495607579,8252,49161
prob_mitterrand_single_negative_span,0.8099999999999996,0.8099999999999996,1.4500101755059958,0.9607405988190828,0.9340637692169083,0.9171312793218865,8241,49172
prob_mitterrand_single_negative_span,0.8149999999999996,0.8149999999999996,1.4828322881625353,0.9607754341351262,0.9337451685213518,0.9171429237904267,8227,49186
prob_mitterrand_single_negative_span,0.8199999999999996,0.8199999999999996,1.516347489368086,0.9608276871091913,0.933436589874302,0.9171869580793832,8212,49201
prob_mitterrand_single_negative_span,0.8249999999999996,0.8249999999999996,1.5505974124111643,0.9608799400832564,0.9331280112272522,0.9172310391284855,8197,49216
prob_mitterrand_single_negative_span,0.8299999999999996,0.8299999999999996,1.5856272637403792,0.9609321930573215,0.9328758733789639,0.9172840315976778,8184,49229
prob_mitterrand_single_negative_span,0.8349999999999996,0.8349999999999996,1.6214862509502723,0.9611063696375385,0.9327503306689845,0.9175732971104402,8166,49247
prob_mitterrand_single_negative_span,0.8399999999999996,0.8399999999999996,1.6582280766035298,0.9612282932436904,0.9325947218134848,0.917765495603303,8151,49262
prob_mitterrand_single_negative_span,0.8449999999999996,0.8449999999999996,1.6959115104379245,0.9612979638757773,0.9323526060137033,0.9178514803241924,8137,49276
prob_mitterrand_single_negative_span,0.8499999999999996,0.8499999999999996,1.7346010553881037,0.9613676345078641,0.9320540494151602,0.9179287376157577,8121,49292
prob_mitterrand_single_negative_span,0.8549999999999996,0.8549999999999996,1.774367726516183,0.9614721404559943,0.9318884185111539,0.9180890005032658,8107,49306
prob_mitterrand_single_negative_span,0.8599999999999997,0.8599999999999997,1.8152899666382463,0.9615243934300594,0.9316927214616274,0.9181515584149886,8096,49317
prob_mitterrand_single_negative_span,0.8649999999999995,0.8649999999999995,1.857454728493446,0.9616288993781896,0.9314706497588594,0.9183033449140997,8080,49333
prob_mitterrand_single_negative_span,0.8699999999999996,0.8699999999999996,1.900958761193043,0.961785658300385,0.9312786442016114,0.9185535018168725,8061,49352
prob_mitterrand_single_negative_span,0.8749999999999996,0.8749999999999996,1.9459101490553092,0.9618379112744501,0.9310265063533233,0.9186076252669116,8048,49365
prob_mitterrand_single_negative_span,0.8799999999999996,0.8799999999999996,1.992430164690202,0.9618727465904935,0.9307079056577667,0.9186202214876484,8034,49379
prob_mitterrand_single_negative_span,0.8849999999999996,0.8849999999999996,2.040655516644675,0.9619946701966453,0.9304958560035055,0.9188056222069074,8017,49396
prob_mitterrand_single_negative_span,0.8899999999999996,0.8899999999999996,2.090741096933765,0.9619946701966453,0.9299878888146504,0.9187262000915886,7999,49414
prob_mitterrand_single_negative_span,0.8949999999999996,0.8949999999999996,2.1428633681173275,0.9621165938027972,0.9298322799591509,0.9189208145700115,7984,49429
prob_mitterrand_single_negative_span,0.8999999999999996,0.8999999999999996,2.1972245773362147,0.9622559350669709,0.9296866931521579,0.9191486265337725,7968,49445
prob_mitterrand_single_negative_span,0.9049999999999996,0.9049999999999996,2.2540580520993805,0.9623256056990577,0.9292188141573299,0.9192009879195865,7946,49467
prob_mitterrand_single_negative_span,0.9099999999999996,0.9099999999999996,2.3136349291806257,0.9624126939891662,0.9287609572110085,0.9192864111759385,7923,49490
prob_mitterrand_single_negative_span,0.9149999999999996,0.9149999999999996,2.3762728087852,0.9626913765175135,0.9286955467920692,0.919779540059533,7899,49514
prob_mitterrand_single_negative_span,0.9199999999999996,0.9199999999999996,2.442347035369199,0.9627087941755351,0.928028279255436,0.9197069922762906,7874,49539
prob_mitterrand_single_negative_span,0.9249999999999996,0.9249999999999996,2.512305623976109,0.9627436294915785,0.9274839153648329,0.9196849847124127,7852,49561
prob_mitterrand_single_negative_span,0.9299999999999996,0.9299999999999996,2.5866893440979366,0.9628481354397088,0.926866758070733,0.9197778936021057,7822,49591
prob_mitterrand_single_negative_span,0.9349999999999996,0.9349999999999996,2.6661592593930434,0.9628481354397088,0.9264716724794015,0.919715934591073,7808,49605
prob_mitterrand_single_negative_span,0.9399999999999995,0.9399999999999995,2.75153531304194,0.9630223120199258,0.9262332481718987,0.9199951829784787,7786,49627
prob_mitterrand_single_negative_span,0.9449999999999995,0.9449999999999995,2.8438517422612626,0.9630919826520126,0.925539605982024,0.9200132428160579,7756,49657
prob_mitterrand_single_negative_span,0.9499999999999995,0.9499999999999995,2.94443897916643,0.9631790709421211,0.9249124266394175,0.9200735169578027,7727,49686
